timestamp,request_id,request_ip,method,path,status
2025-12-29T06:02:52.072315,9451b570-5543-448a-8848-aeba68dc5fe7,127.0.0.1,POST,/api/auth/login/,403
2025-12-29T06:02:56.946279,a75298ce-aa4b-4d98-86ed-d831dc66758f,127.0.0.1,GET,/autodiscover/autodiscover.json,404
2025-12-29T06:05:25.026572,5e5b4d58-9890-45bc-a738-9a52d481fcce,127.0.0.1,POST,/api/auth/login/,403
2025-12-29T06:05:29.584843,4eb7e9fc-76aa-408b-bbaf-fe683e7e3f0f,127.0.0.1,POST,/api/auth/login/,403
2025-12-29T06:06:52.527705,50733e89-fd33-4016-81de-ffa98548f07a,127.0.0.1,GET,/api/account/,200
2025-12-29T06:08:11.290721,b6eac4f1-9aaf-4b5d-93d2-2b40e3d0570d,172.31.40.247,POST,/api/auth/login/,403
2025-12-29T06:08:17.308847,dd25190e-e18b-4960-9140-24d7a813bc18,172.31.40.247,POST,/api/auth/login/,403
2025-12-29T06:08:40.735624,c4e8a951-183a-442f-9402-89c08c1a77e6,127.0.0.1,POST,/api/auth/login/,400
2025-12-29T06:13:04.613275,21e53f27-a37e-437c-b565-b8b01ca19c81,172.31.40.247,POST,/api/auth/login/,403
2025-12-29T06:13:11.463893,c4add54c-a5e2-48b8-b712-33c203e3fa77,172.31.40.247,POST,/api/auth/login/,403
2025-12-29T06:21:53.633756,81a63760-072a-477a-8bb6-0c3507ff59bf,172.31.40.247,POST,/api/auth/login/,403
2025-12-29T06:23:12.482302,c475ec64-5b5b-4854-b617-ecefa7495ebc,172.31.40.247,POST,/api/auth/login/,200
2025-12-29T06:23:12.548178,2513eed4-9324-46c5-948f-d8498bd62323,172.31.40.247,GET,/api/account/,200
2025-12-29T06:23:25.212077,fe3d2a17-03ab-4d96-aa5b-3f70da86d547,172.31.40.247,POST,/api/auth/login/,403
2025-12-29T06:23:33.585920,4fdd942c-5da9-46c4-8ad2-1744e946e12f,172.31.40.247,POST,/api/auth/login/,403
2025-12-29T06:23:56.479794,9e141ef9-7d23-4530-881d-244202c54020,127.0.0.1,POST,/api/auth/login/,200
2025-12-29T06:23:56.586135,e03a895e-9835-4b49-8b42-9a1991780656,127.0.0.1,GET,/api/account/,200
2025-12-29T06:24:02.439200,aed8f0cc-da8d-4479-a59d-a6bd21a71d44,172.31.40.247,GET,/api/analytics/overview/,404
2025-12-29T06:24:07.703075,f6634b6c-3b91-48dd-94c1-34e7fb266016,172.31.40.247,GET,/api/income/,401
2025-12-29T06:24:17.474101,c6ecd058-9380-4412-9627-550548d7cbe5,172.31.40.247,POST,/api/auth/login/,403
2025-12-29T06:25:33.882833,c292a6b8-bd35-4853-8ac6-0c1a47a956af,172.31.40.247,POST,/api/auth/login/,403
2025-12-29T06:25:50.367552,bb1d08d8-1de5-403e-a173-4bec913ecd1c,172.31.40.247,POST,/api/auth/login/,403
2025-12-29T06:26:02.864300,0602a615-4199-4d32-ac3f-f05a9d63becf,172.31.40.247,POST,/api/auth/login/,403
2025-12-29T06:26:48.459893,6c478670-fad2-4c66-89a1-4aa73d7952fb,20.118.233.215,GET,/actuator/health,404
2025-12-29T06:27:25.035417,ef6d0888-b9e6-48db-8f01-f12b19e162bb,172.31.40.247,POST,/api/auth/login/,403
2025-12-29T06:30:28.370233,8a5b6be1-ddcf-4052-b58c-cc50c09451aa,172.31.40.247,POST,/api/auth/login/,403
2025-12-29T06:34:16.822466,1369689d-bef8-4efd-aec7-3914bc4a223e,172.31.40.247,POST,/api/auth/login/,200
2025-12-29T06:34:18.695082,adf7f0ba-222d-4905-9c5e-35abd983a86f,172.31.40.247,GET,/api/analytics/overview/,404
2025-12-29T06:35:00.049799,aab49fae-9db8-4536-9d05-3e435d321fb2,172.31.40.247,GET,/api/income/,200
2025-12-29T06:36:41.613754,5115dd79-0bbc-4db0-b3d9-108fd76c255f,172.31.40.247,GET,/api/publish/pages/,200
2025-12-29T06:39:52.589534,db6d251c-2ee0-441a-acfe-54d8c1c0c828,127.0.0.1,GET,/api/social/facebook/connect/,200
2025-12-29T06:39:57.127215,71f31264-3f0f-4b43-9b85-72545fa45d76,172.31.40.247,GET,/api/social/facebook/connect/,200
2025-12-29T06:40:05.761429,8c70c9e9-ec58-4347-b3a4-c346a6810674,5.187.35.158,GET,/SDK/webLanguage,404
2025-12-29T06:40:55.377857,7c0af222-9b7f-4304-a094-71668fa884f5,127.0.0.1,GET,/admin/,401
2025-12-29T06:41:03.662575,c615f122-d743-417f-9b6e-03096499fc51,127.0.0.1,GET,/connect-facebook/,401
2025-12-29T06:41:03.762551,24c2c6ad-f0a1-40d1-8489-6bb27ed009c6,127.0.0.1,GET,/favicon.ico,404
2025-12-29T06:42:32.480409,cff3133c-bc23-4e90-9109-f48864472f05,127.0.0.1,GET,/connect-facebook/,200
2025-12-29T06:42:50.528633,1aea938f-68c3-4258-83b1-c0152ce97b58,127.0.0.1,GET,/connect-facebook/,200
2025-12-29T06:42:54.247099,4961e7b8-5d03-4b7e-b47e-97a24538b56c,103.98.107.22,GET,/api/social/facebook/connect/,200
2025-12-29T06:43:09.910842,47f4c8dc-2b76-425e-96b0-abe8e3d56e42,103.98.107.22,GET,/api/social/facebook/connect/,200
2025-12-29T06:43:31.340934,94edf40d-025d-4a90-895e-81edf748a911,127.0.0.1,GET,/api/social/facebook/connect/,200
2025-12-29T06:46:52.556614,46f0d327-08bb-43f8-8ebe-116ffd917429,172.31.40.247,POST,/api/auth/login/,400
2025-12-29T06:46:58.960275,07fa0c1f-8ce5-4ac9-a1d2-50ad18c8629c,172.31.40.247,POST,/api/auth/login/,400
2025-12-29T06:47:14.735353,7438b0fe-83bc-4edc-80f7-167fb1b0d141,172.31.40.247,POST,/api/auth/login/,200
2025-12-29T06:47:16.403792,76a964ef-16cc-430b-b8f1-ef330a8d9b25,172.31.40.247,GET,/api/analytics/overview/,404
2025-12-29T06:47:26.003669,45b026f0-b77e-4cc5-8b25-98d880a5bc13,172.31.40.247,GET,/api/analytics/overview/,404
2025-12-29T06:49:11.299160,7c548dda-ba61-4946-8e06-e3bda47750a3,172.31.40.247,GET,/api/analytics/overview/,404
2025-12-29T06:49:11.498542,3ae630f9-bacf-45a3-af49-e18b0365b7f9,172.31.40.247,GET,/api/analytics/overview/,404
2025-12-29T06:49:56.987548,b62f9d8b-8cc8-4e83-9352-b698fae14ba6,172.31.40.247,GET,/api/analytics/overview/,404
2025-12-29T06:51:07.964668,824be1dc-b64b-4b00-ae4b-16b02943aef5,172.31.40.247,GET,/api/analytics/overview/,404
2025-12-29T06:51:27.822696,7d8b3da6-bac1-4ceb-a020-e2cc914ae289,77.83.39.162,GET,/.git/config,404
2025-12-29T06:51:41.008927,157e1048-2286-49c0-a106-49fa04d406ee,172.31.40.247,GET,/api/social/facebook/callback/,400
2025-12-29T06:52:06.862981,cc2ec19f-e701-4285-9aa2-d0eb18603c5c,172.31.40.247,GET,/api/analytics/overview/,404
2025-12-29T06:53:16.947239,6c6e6f88-e0fb-4ee7-91f6-fa2c21b74ede,172.31.40.247,GET,/api/analytics/overview/,404
2025-12-29T06:54:14.056688,550b0575-f1d4-4af6-9696-cf6abb739663,172.31.40.247,GET,/api/analytics/overview/,404
2025-12-29T06:55:32.614371,c0c65f5c-7ce0-48b4-baea-2a2b78c8600d,172.31.40.247,GET,/api/analytics/overview/,404
2025-12-29T06:56:51.016220,b7365863-4ac8-4bfd-8f37-2cf59f5207fb,172.31.40.247,GET,/api/analytics/overview/,404
2025-12-29T06:58:22.306199,bd26dbd1-7f47-4fd1-ab1b-ca9623d0f1f5,172.31.40.247,GET,/api/analytics/overview/,404
2025-12-29T07:01:06.209371,d2271d01-9e38-4ad9-898b-978374933704,172.31.40.247,GET,/api/analytics/overview/,404
2025-12-29T07:03:24.459667,8a07c4b8-9d61-4e99-ad66-d94d6167279a,172.31.40.247,GET,/api/analytics/overview/,404
2025-12-29T07:03:28.490360,c03f8883-875f-4230-ba9f-3cfee471ed65,127.0.0.1,GET,/api/social/platforms/,500
2025-12-29T07:04:03.404267,0360ee6f-54b2-43d9-baa4-109f3f9e123e,127.0.0.1,GET,/api/social/platforms/,200
2025-12-29T07:04:58.003864,e142e8f2-5713-43ba-b463-61a7e3ac6a97,172.31.40.247,GET,/api/analytics/overview/,404
2025-12-29T07:05:23.743175,7723e971-57a6-497c-8185-b8dd15d94958,172.31.40.247,GET,/api/social/instagram/connect/,404
2025-12-29T07:05:35.718426,c2545185-212c-4ea1-ad48-a23a8b51a292,127.0.0.1,GET,/admin/,200
2025-12-29T07:06:05.734437,a5792aeb-5aa2-4db1-be9d-a1a8c47d5280,127.0.0.1,GET,/admin/social/socialplatform/,200
2025-12-29T07:06:05.767276,79e80252-f611-480b-9baf-b74119b648d5,127.0.0.1,GET,/admin/jsi18n/,200
2025-12-29T07:06:07.987038,d23d45a5-69ef-4c99-be33-1eeb01885711,127.0.0.1,GET,/admin/social/socialplatform/add/,200
2025-12-29T07:06:08.009804,b2f23a2e-68c1-4bd9-916a-ac3fc829f503,127.0.0.1,GET,/admin/jsi18n/,200
2025-12-29T07:06:10.043408,54f2ec65-f8a6-4687-8c2c-868da44727dc,172.31.40.247,GET,/api/social/facebook/connect/,200
2025-12-29T07:06:34.735848,d71f434d-0ab6-437d-ae49-bb5a8225302a,172.31.40.247,GET,/api/analytics/overview/,404
2025-12-29T07:07:42.404915,db15c7af-00ea-4dbf-a88c-961cc86ccd4d,127.0.0.1,POST,/admin/social/socialplatform/add/,302
2025-12-29T07:07:42.444275,7cab89c8-f01d-4a28-bab2-d086196d4243,127.0.0.1,GET,/admin/social/socialplatform/,200
2025-12-29T07:07:42.504303,8815bfce-7d24-4381-86b3-ef5b30a214c3,127.0.0.1,GET,/admin/jsi18n/,200
2025-12-29T07:07:50.099423,17f6d1a7-5f5c-4ef6-a4c8-e00184d8741c,127.0.0.1,GET,/api/social/platforms/,200
2025-12-29T07:07:58.786616,b7fff894-9734-4cb2-a7bd-8a8bf196b80b,172.31.40.247,GET,/api/analytics/overview/,404
2025-12-29T07:08:38.808943,b8894cfb-4f44-44e8-af32-784d41a5fb58,127.0.0.1,GET,/media/social_platforms/Facebook_f_logo_2019.svg.png,401
2025-12-29T07:08:38.943687,b6e7eb27-d36c-4903-9f0e-fc314cc8d641,127.0.0.1,GET,/favicon.ico,404
2025-12-29T07:09:16.951071,85533500-c69b-41ef-ab90-ec7b41e22810,172.31.40.247,GET,/api/analytics/overview/,404
2025-12-29T07:10:12.068935,8d95bc05-66dc-4c41-9244-4934c3e7d520,172.31.40.247,GET,/api/analytics/overview/,404
2025-12-29T07:11:25.167966,7a324bc8-d73d-41fe-b75f-3a6d7750f9b0,172.31.40.247,GET,/api/analytics/overview/,404
2025-12-29T07:12:24.490522,d8834db4-3a23-4861-8310-b22be8666039,172.31.40.247,GET,/api/analytics/overview/,404
2025-12-29T07:13:50.819867,137dc8e2-fec0-4319-b706-9357c14d02f9,172.31.40.247,GET,/api/analytics/overview/,404
2025-12-29T07:15:10.964674,18daba4c-a1c2-4833-9fc9-17cdb35f9621,172.31.40.247,GET,/api/analytics/overview/,404
2025-12-29T07:16:03.138142,137bb968-d20e-41cd-9f75-cd8e03832d77,172.31.40.247,GET,/api/analytics/overview/,404
2025-12-29T07:16:46.355770,fe93221c-59fe-46e4-803a-dd7d6afe5e97,127.0.0.1,GET,/api/account/,200
2025-12-29T07:17:28.998371,96d8a429-a17d-4554-8727-1a3b3d2a730a,127.0.0.1,GET,/api/publish/post/,200
2025-12-29T07:17:35.675486,7b2aeaf7-69c9-451e-9af5-e583a0c3f0e4,172.31.40.247,GET,/api/analytics/overview/,404
2025-12-29T07:18:26.575541,a2331496-6f88-4ed3-aeb6-31234940d4d5,127.0.0.1,POST,/api/publish/post/,201
2025-12-29T07:18:31.840891,6ec9ea59-a7d9-4fbb-822e-14b2b5553b28,127.0.0.1,GET,/media/social_posts/media/1000009472-Picsart-AiImageEnhancer_LF4HFzu.jpg,200
2025-12-29T07:19:21.344677,28cb58ff-ecf7-4f6b-867c-8e86e4528e69,127.0.0.1,POST,/api/publish/post/,201
2025-12-29T07:19:26.772942,1262ff90-db46-4323-827e-1cc8276df900,127.0.0.1,GET,/media/social_platforms/Facebook_f_logo_2019.svg.png,401
2025-12-29T07:19:45.609586,6c8616aa-1f8a-4fb8-b819-157c7516e5cc,127.0.0.1,GET,/media/social_platforms/Facebook_f_logo_2019.svg.png,200
2025-12-29T07:20:31.274492,9b57711b-d464-497d-ad22-46564935f4e5,172.31.40.247,GET,/api/analytics/overview/,404
2025-12-29T07:21:31.711967,0bdbf7de-1153-4c89-a195-e5b78a9a3da5,127.0.0.1,GET,/admin/social/socialplatform/add/,200
2025-12-29T07:21:31.740655,fb543614-a55d-4c65-9019-af3734dd4fb9,127.0.0.1,GET,/admin/jsi18n/,200
2025-12-29T07:21:39.054967,7a47e0a9-f256-4d30-8bc5-ac7520b0a7f2,172.31.40.247,GET,/api/analytics/overview/,404
2025-12-29T07:21:56.848690,02cc753d-3460-430c-b31a-bf3e1f76545e,127.0.0.1,POST,/admin/social/socialplatform/add/,302
2025-12-29T07:21:56.881570,9a7e9610-6d0c-4bd6-bf6f-1e20ff2b494b,127.0.0.1,GET,/admin/social/socialplatform/,200
2025-12-29T07:21:56.952930,2e938c40-189c-476d-aac5-e53c46a643dd,127.0.0.1,GET,/admin/jsi18n/,200
2025-12-29T07:22:14.049020,03ade4be-6463-4dcd-9704-b97003560a44,127.0.0.1,GET,/api/social/platforms/,200
2025-12-29T07:22:39.472153,17c03ad0-a4b5-473e-ac9c-a9f8fa82b1f4,172.31.40.247,GET,/api/analytics/overview/,404
2025-12-29T07:23:07.639294,178f0fcd-fda4-4ef3-a9ea-1a40214fcb06,127.0.0.1,GET,/admin/social/socialplatform/2/change/,200
2025-12-29T07:23:07.661690,4b3c6ad7-9857-4102-bfb7-2a14f1c4e672,127.0.0.1,GET,/admin/jsi18n/,200
2025-12-29T07:24:06.651030,3e13a238-1006-41ed-9150-dccab2b69a41,127.0.0.1,GET,/admin/social/socialplatform/2/change/,200
2025-12-29T07:24:06.677566,f28c0ac7-504a-4c4f-a2de-49662b2f7977,127.0.0.1,GET,/admin/jsi18n/,200
2025-12-29T07:24:14.164266,6551f890-8ea0-409a-97f7-e71dc2134a2e,172.31.40.247,GET,/api/analytics/overview/,404
2025-12-29T07:24:35.043757,b56cffd1-01c4-4ce7-bce7-a68a9709243e,127.0.0.1,GET,/api/social/platforms/,200
2025-12-29T07:25:29.858973,a8134ba6-5132-47b2-961d-d997e23b9968,172.31.40.247,GET,/api/analytics/overview/,404
2025-12-29T07:26:07.415795,1fb8dd30-4517-48c7-bdbe-67f48170d6e1,103.98.107.22,GET,/api/social/platforms/,200
2025-12-29T07:26:29.542752,50f708a8-c02f-4cc1-9901-08e3c9d31710,172.31.40.247,GET,/api/analytics/overview/,404
2025-12-29T07:27:40.200812,71291540-66b2-47c0-b317-f2507f9b3eca,172.31.40.247,GET,/api/analytics/overview/,404
2025-12-29T07:28:40.256797,0f85b34e-5800-4e6d-bf22-e3d8eefe5d7c,172.31.40.247,GET,/api/analytics/overview/,404
2025-12-29T07:29:46.832990,cd2d6a1a-7f23-40e3-a40e-c6e7523129d7,172.31.40.247,GET,/api/analytics/overview/,404
2025-12-29T07:30:54.104527,9c5d5965-7481-43da-b5fa-549a6771af00,172.31.40.247,GET,/api/analytics/overview/,404
2025-12-29T07:32:19.874621,d66d4eaf-4694-4816-831d-bfd486d02b9e,172.31.40.247,GET,/api/analytics/overview/,404
2025-12-29T07:33:36.732019,55383dac-9e00-4239-9b87-4b05d7e68b48,172.31.40.247,GET,/api/analytics/overview/,404
2025-12-29T07:33:49.091804,fc5b9282-7a7e-47a9-9945-9a0429b5b4c3,172.31.40.247,GET,/api/social/platforms/,200
2025-12-29T07:34:56.171899,ffc6929f-91ce-4401-9b61-9ecce2f86e2a,172.31.40.247,GET,/api/analytics/overview/,404
2025-12-29T07:36:24.067995,813bb2f7-80c0-4a71-aebc-d26d14376b65,172.31.40.247,GET,/api/analytics/overview/,404
2025-12-29T07:37:39.975480,44b39c5e-f176-4577-988c-523d26ea79a2,172.31.40.247,GET,/api/analytics/overview/,404
2025-12-29T07:38:38.971837,0c96cb53-a6d5-426d-8ae3-1ef6921a8ef5,172.31.40.247,GET,/api/analytics/overview/,404
2025-12-29T07:39:50.045076,dff17ff4-8edc-44e2-aca9-d9fd0b92cb01,172.31.40.247,GET,/api/analytics/overview/,404
2025-12-29T07:40:49.453798,046695a6-7955-4afe-8c7e-d59b67d42496,172.31.40.247,GET,/api/analytics/overview/,404
2025-12-29T07:41:25.566548,22599b6b-3aae-44d1-8df9-6c71cafcb0b7,172.31.40.247,GET,/media/social_platforms/Facebook_f_logo_2019.svg.png,200
2025-12-29T07:41:30.800852,79f2cbd5-b52b-42e0-943a-24f3833e313f,172.31.40.247,GET,/media/social_platforms/Instagram_logo_2022.svg.png,200
2025-12-29T07:41:56.957692,772496f7-138b-46bd-bc0b-4eade49da63d,172.31.40.247,GET,/api/analytics/overview/,404
2025-12-29T07:42:58.573429,f5c16cd8-8a2e-4b93-a6c5-c809283742bf,172.31.40.247,GET,/api/analytics/overview/,404
2025-12-29T07:44:00.976865,d84bae48-fa79-488a-9e45-4eca12e9846d,172.31.40.247,GET,/api/social/platforms/,200
2025-12-29T07:44:20.669842,ac15310c-0a05-44dc-8c4a-e36b99dfc2d8,172.31.40.247,GET,/api/analytics/overview/,404
2025-12-29T07:44:23.492705,1389b45b-092e-40ec-86c0-9aac29d90fad,103.98.107.22,GET,/api/social/platforms/,200
2025-12-29T08:04:00.056628,71974d87-8f9b-4105-a65a-7b41445807e8,127.0.0.1,GET,/api/user-couriers/,200
2025-12-29T08:06:18.666643,43173c0b-947c-4542-a2fb-f64670d6d3c3,192.168.0.117,GET,/,404
2025-12-29T08:06:18.778083,83b6ccef-1d08-473f-accf-089b08c8ded1,192.168.0.117,GET,/favicon.ico,404
2025-12-29T08:07:14.373520,4ab659ea-2e0d-48ed-9ee0-9d9e333ad694,192.168.0.111,POST,/api/auth/login/,200
2025-12-29T08:07:38.413963,ee130775-3d20-4e5a-aca8-15b4a2367ca5,192.168.0.111,GET,/api/user-couriers/,401
2025-12-29T08:07:40.703496,8ef99656-fc22-43f6-b321-1303f37f94c3,192.168.0.117,GET,/,404
2025-12-29T08:07:40.747068,0d2680a3-8b54-49f2-8660-a8c2b766f4db,192.168.0.117,GET,/favicon.ico,404
2025-12-29T08:07:43.680123,1b618adc-f7c9-40bd-86ba-c2a7d394724c,192.168.0.111,POST,/api/auth/login/,200
2025-12-29T08:07:47.515924,1d022a7f-1254-4e29-861a-c97b57dcd6ee,192.168.0.111,GET,/api/user-couriers/,401
2025-12-29T08:07:57.874488,6ddbf10a-3f37-4f5f-ba19-77de1f39e3ee,192.168.0.111,POST,/api/auth/login/,200
2025-12-29T08:08:04.392780,4f924a82-5d0d-4f9b-b6aa-bf40599a9d6f,192.168.0.111,GET,/api/user-couriers/,401
2025-12-29T08:08:25.713895,bbee7602-00c3-4956-bc3a-37e4d50ed2cf,192.168.0.111,POST,/api/auth/login/,200
2025-12-29T08:08:34.429310,61f57c05-576f-4497-b295-1cec6ffee065,192.168.0.111,GET,/api/user-couriers/,401
2025-12-29T08:09:05.395132,bee81c6f-15dd-4f19-a8f7-da8d66518009,127.0.0.1,POST,/api/auth/login/,200
2025-12-29T08:09:19.855423,ec76351b-6f80-49b9-a4ad-03ff093f664d,127.0.0.1,POST,/api/user-couriers/1/,200
2025-12-29T08:10:28.175867,d90f708a-262a-4be7-b24f-bdf622376b90,127.0.0.1,GET,/api/user-couriers/,200
2025-12-29T08:11:24.499313,46c78e21-5dab-40da-ab5f-26887a4bea59,192.168.0.111,GET,/api/user-couriers/,401
2025-12-29T08:15:36.010629,dc452e5b-5fb3-4982-9959-07584941386f,192.168.0.111,GET,/api/user-couriers/,401
2025-12-29T08:15:55.518208,42f9ae74-d735-428c-ac82-83b3462a47b5,192.168.0.111,POST,/api/auth/login/,200
2025-12-29T08:16:02.523669,356918ad-bd90-47cc-b286-bc657c0998e4,192.168.0.111,GET,/api/user-couriers/,401
2025-12-29T08:16:24.652969,b5858f86-7611-40f9-83f5-d21434f4da16,127.0.0.1,GET,/api/user-couriers/,200
2025-12-29T08:17:24.157639,61207bfa-0a32-483a-a040-c9044f3fd648,127.0.0.1,POST,/api/user-couriers/<int:pk>/,404
2025-12-29T08:18:27.183571,4db78914-2453-462b-9826-6057f2504852,192.168.0.117,GET,/,404
2025-12-29T08:18:29.343990,e1508794-fe3e-4f70-8131-50be4f59b515,192.168.0.117,GET,/,404
2025-12-29T08:19:06.758675,f1b69566-51e1-49ae-bcd1-ef2e7055acdd,127.0.0.1,GET,/api/user-couriers/,200
2025-12-29T08:19:14.664184,434d721c-ae68-4090-8a6e-bd56267c9dfb,127.0.0.1,POST,/api/user-couriers/1/,200
2025-12-29T08:20:04.148283,41af82d9-add9-42a5-b300-9997dbe923bf,127.0.0.1,GET,/api/user-couriers/,200
2025-12-29T08:21:04.662560,b55aa035-6174-4b63-a1dc-18c777d810c0,192.168.0.117,GET,/,404
2025-12-29T08:21:15.676404,f5355020-8416-4a17-88b4-f414b100b074,192.168.0.117,GET,/admin/,302
2025-12-29T08:21:15.751091,66867cf3-3dea-465c-9e40-2d8d10111f32,192.168.0.117,GET,/admin/login/,200
2025-12-29T08:21:41.418104,3e242100-d16e-4c0e-9eb1-4a0e04103490,192.168.0.111,POST,/api/user-couriers/1/,401
2025-12-29T08:22:02.213449,c01d374f-fd75-4413-984b-18ed356e74be,192.168.0.111,GET,/api/user-couriers/,401
2025-12-29T08:22:11.876269,c2178281-fdab-424d-ab15-b439e860a441,192.168.0.111,POST,/api/user-couriers/1/,401
2025-12-29T08:22:16.662162,33078d47-5de4-40e6-ba9d-8268913b42cf,192.168.0.111,GET,/api/user-couriers/,401
2025-12-29T08:22:45.943261,49025d0b-f253-4e8a-bf3d-784d682ae91f,127.0.0.1,POST,/api/auth/login/,200
2025-12-29T08:22:58.570856,88170e06-9f71-4230-9040-d358bd59abbf,127.0.0.1,GET,/api/user-couriers/,200
2025-12-29T08:23:10.176011,46b72c8a-f712-4ca0-83c8-707afb41e399,127.0.0.1,POST,/api/user-couriers/1/,200
2025-12-29T08:56:07.940961,8f4091d1-26cf-4c01-8613-50e8f1da6e9b,127.0.0.1,GET,/api/user-couriers/,200
2025-12-29T08:59:42.210374,a531e204-09f0-4902-ac3d-476b9c3dc326,127.0.0.1,GET,/api/user-couriers/,200
2025-12-29T09:01:12.401889,bdf4e7ed-d81d-4d97-9850-b2ab8c7c00c3,192.168.0.111,GET,/api/user-couriers/,401
2025-12-29T09:01:19.242498,5307e7d0-8f1a-4d2b-98eb-7f557bfe2f76,192.168.0.111,POST,/api/auth/login/,200
2025-12-29T09:01:24.308242,369f935d-03b5-4516-90d3-c63d171f7138,192.168.0.111,GET,/api/user-couriers/,401
2025-12-29T09:02:44.850413,5ceba2fa-9fdc-4046-853e-af6cbe411528,127.0.0.1,POST,/api/user-couriers/1/,200
2025-12-29T09:03:59.826476,e1738dde-d712-4ee5-89a9-5bb111d88655,192.168.0.111,GET,/api/income/,401
2025-12-29T09:04:15.606308,e3b40cc6-86b8-4f2a-9cb1-afab75878436,127.0.0.1,GET,/api/income/,200
2025-12-29T09:11:14.650887,64d4915e-03d1-423e-a30c-886ecf104a79,192.168.0.111,POST,/api/user-couriers/1/,404
2025-12-29T09:11:38.911963,ace857c5-5c51-4d45-9769-212b717ea1e8,127.0.0.1,POST,/api/user-couriers/<int:pk>,404
2025-12-29T09:11:51.217590,a97474e7-0646-4316-b746-b51489424b69,127.0.0.1,POST,/api/user-couriers/1/,404
2025-12-29T09:12:01.896894,8d1a856e-2535-469d-a335-2d69eb3e76f5,127.0.0.1,POST,/api/user-couriers/1/,404
2025-12-29T09:12:13.960042,c680a8e9-54f9-47d4-be42-a795b0237f81,127.0.0.1,POST,/api/user-couriers/1/,404
2025-12-29T09:12:57.928818,054c945c-3e16-462d-9d28-fc3b43ce09fc,127.0.0.1,POST,/api/user-couriers/<int:pk>/,404
2025-12-29T09:13:05.569326,b2673694-99c7-4f68-a1be-a3a8ea951ae3,127.0.0.1,POST,/api/user-couriers/1/,404
2025-12-29T09:13:22.024828,fff5922f-6de4-4133-9fc6-4f7d1d44cd34,127.0.0.1,POST,/api/user-couriers/1/,404
2025-12-29T09:13:28.800067,b449db42-ac77-471c-8aa6-d204b9ebb92e,127.0.0.1,POST,/api/auth/login/,200
2025-12-29T09:13:44.792570,0c5d201d-dcca-4a0a-bd6e-6a77694f43fb,127.0.0.1,GET,/api/user-couriers/,200
2025-12-29T09:13:56.525409,b70018bb-080f-4b88-8c95-dfb0c2f83cdc,127.0.0.1,POST,/api/user-couriers/1/,404
2025-12-29T09:14:10.091628,1c6a475f-7aee-4c3f-a9d5-f877d5fcaf15,127.0.0.1,GET,/api/user-couriers/,200
2025-12-29T09:14:20.886700,c2221f6d-84aa-481e-8cf9-6106993f9e49,192.168.0.111,GET,/api/user-couriers/,401
2025-12-29T09:14:43.461844,3690bba6-d8fe-4cd6-81fd-d692d8c36bd6,127.0.0.1,GET,/api/couriers-list/,200
2025-12-29T09:17:19.576770,75388537-d5c1-491b-902c-9f126216ad62,192.168.0.111,POST,/api/auth/login/,200
2025-12-29T09:17:47.267141,e7ac507c-924f-44e7-a76d-61ebca663641,192.168.0.111,GET,/api/income/,401
2025-12-29T09:20:18.270417,2b3853f4-b0fc-4da7-b973-8be33bf0e5d0,127.0.0.1,POST,/api/user-couriers/1/,200
2025-12-29T09:20:34.817780,f0acaef7-083b-40c9-8646-f7bc812106fd,127.0.0.1,POST,/api/user-couriers/1/,200
2025-12-29T09:20:55.106620,2f7e3958-1ab3-46a9-8a20-1d9985fd87e0,192.168.0.111,POST,/api/auth/login/,200
2025-12-29T09:21:11.973428,64eba61c-c63c-4876-9437-c8a4c97a21f2,192.168.0.111,GET,/api/couriers-list/,401
2025-12-29T09:21:17.341380,ea101f2d-8bfb-48f0-bd2a-f94407fab9ca,192.168.0.111,POST,/api/user-couriers/1/,401
2025-12-29T09:21:23.855533,69a6d6c0-0dcf-440d-806a-22fd65037d33,192.168.0.111,POST,/api/auth/login/,200
2025-12-29T09:21:56.526171,d37e0d66-31cf-4f60-a596-00f52b07a6f6,192.168.0.111,POST,/api/auth/login/,200
2025-12-29T09:23:07.412796,09805722-ee19-49f0-a273-21da37133d63,127.0.0.1,GET,/api/couriers-list/,200
2025-12-29T09:23:27.260574,c849dde3-cd83-493f-959d-730ed9c46a3e,127.0.0.1,POST,/api/auth/login/,200
2025-12-29T09:23:32.153537,d3c053c6-d3b4-4b03-83de-a9df15465d96,127.0.0.1,GET,/api/couriers-list/,200
2025-12-29T09:23:47.313265,66f39e15-4355-4c9c-a849-9e7e4ea2ed7a,192.168.0.111,GET,/api/pathao/order/info/DT211225CG8B3R/,500
2025-12-29T09:24:35.876890,0b57d6bb-f84c-4066-a9d6-796ca5520a9d,127.0.0.1,GET,/api/user-couriers/,404
2025-12-29T09:24:47.016954,5b152658-9ec1-46c0-9b3f-c01eec5e9a4b,127.0.0.1,GET,/api/couriers-list/,200
2025-12-29T09:25:16.691902,77d1cf4e-44e7-4798-83e6-2c27ff6cd29a,127.0.0.1,POST,/api/user-couriers/1/,200
2025-12-29T09:25:40.507048,1f3ef921-5491-4aa8-aebd-0f41e859764f,127.0.0.1,POST,/api/user-couriers/1/,200
2025-12-29T09:26:07.282795,1193c560-6ca2-4759-995f-683661b1ae5d,127.0.0.1,POST,/api/user-couriers/2/,200
2025-12-29T09:32:36.762617,ababa7dc-d3a6-400a-a630-7d6526fd3aa2,127.0.0.1,GET,/admin/,200
2025-12-29T09:32:49.266321,37210e4e-4097-470f-847c-91fb6d42c7d2,127.0.0.1,GET,/admin,404
2025-12-29T09:32:49.315715,36d7f85c-4c70-44ee-a042-12e67864b0b3,127.0.0.1,GET,/admin/,200
2025-12-29T09:32:50.850681,a5d7a464-446b-4c27-9a48-7bb1fdf1ed68,127.0.0.1,GET,/,404
2025-12-29T09:33:22.138534,35ee0349-a0ca-4dc9-bb79-629d2e81215a,192.168.0.111,GET,/api/publish/pages/,401
2025-12-29T09:37:22.830423,f2f87ab2-b112-4cdb-91f2-65557100705d,127.0.0.1,POST,/api/user-couriers/2/,200
2025-12-29T09:39:08.779069,eba2c65d-647b-49ec-87a4-bf787fda256d,127.0.0.1,POST,/api/user-couriers/2/,200
2025-12-29T09:39:23.953446,244c2780-6f38-4ab2-829a-8e5add22c3ed,127.0.0.1,POST,/api/user-couriers/2/,200
2025-12-29T09:39:25.949398,b11f5e14-ffe7-45fe-8736-fd913a14edca,127.0.0.1,POST,/api/user-couriers/2/,200
2025-12-29T09:39:27.405548,7bfcc2eb-1ede-4fe3-bd66-e68e8b103eb8,127.0.0.1,POST,/api/user-couriers/2/,200
2025-12-29T09:39:28.462304,21b2cbd0-e9f5-4801-b234-cffcffcd78fc,127.0.0.1,POST,/api/user-couriers/2/,200
2025-12-29T09:39:29.497344,d24281a3-8855-415d-8859-1febb2399266,127.0.0.1,POST,/api/user-couriers/2/,200
2025-12-29T09:40:06.150066,fa01edc2-9edd-4649-8bee-d2a65ab58513,127.0.0.1,POST,/api/auth/login/,200
2025-12-29T09:40:17.159042,b7f1ce10-2520-4d8f-9b1a-1f31d069861e,127.0.0.1,GET,/api/couriers-list/,200
2025-12-29T09:41:05.367343,2415ba60-fb8c-41b5-a17c-aa069344f0c6,192.168.0.111,GET,/api/publish/pages/,401
2025-12-29T09:41:11.749258,8a6a1a29-fd93-423c-b666-c766a9a5e25d,192.168.0.111,POST,/api/auth/login/,200
2025-12-29T09:41:27.698721,457e54ad-beb0-41c5-9e71-7c0e3ff72023,192.168.0.111,POST,/api/auth/login/,200
2025-12-29T09:41:52.558754,ceb1cfea-e108-4292-9fcc-45a8bbcaf1c3,192.168.0.111,POST,/api/auth/login/,200
2025-12-29T09:43:15.497419,0e57dd55-5832-4d37-b44d-d75ea008291f,192.168.0.111,POST,/api/auth/login/,200
2025-12-29T09:45:51.466982,cd729aed-0518-474f-b23f-4c7f514720e1,192.168.0.111,POST,/api/auth/login/,200
2025-12-29T10:15:03.165778,30525f1f-c10c-40a2-be55-c4fe8f08ff47,192.168.0.111,POST,/api/user-couriers/1/,401
2025-12-29T10:19:37.273782,ad2f416e-3a02-4c66-8fdd-af6e1343bcbb,192.168.0.111,GET,/api/steadfast/payments/,500
2025-12-29T10:20:08.358839,26f94be6-e157-4791-975a-acfd01e739a7,192.168.0.111,GET,/api/steadfast/payments/<int:payment_id>/,404
2025-12-29T10:20:18.797183,8a7b818a-3ed1-4e00-9ebc-54321087279b,192.168.0.111,GET,/api/steadfast/police-stations/,500
2025-12-29T10:40:29.854222,cbe9449e-e1ae-427f-9352-bba4f8ef2b06,127.0.0.1,POST,/api/steadfast/order/create/,200
2025-12-29T10:40:42.785860,bd0c1e53-68d7-4f7d-bfc2-2df9869df8db,127.0.0.1,POST,/api/auth/login/,200
2025-12-29T10:40:47.346217,7199e4be-f294-4938-9579-ebc20b96e3cb,127.0.0.1,POST,/api/steadfast/order/create/,200
2025-12-29T10:40:54.228171,c4294068-f19e-4537-816b-37e232317fb0,127.0.0.1,GET,/api/steadfast/status/cid/<str:consignment_id>/,200
2025-12-29T10:41:38.024830,36a05658-b09b-4e2c-916a-8c6a15aeb785,127.0.0.1,GET,/api/steadfast/status/tracking/<str:tracking_code>/,500
2025-12-29T10:41:48.223079,6f490392-6bea-4472-95b5-5799ca41c0d8,127.0.0.1,GET,/api/steadfast/status/invoice/<str:invoice>/,500
2025-12-29T10:42:05.204306,8b7f4f7e-bea6-41a6-9d23-e1b2cd5f8707,127.0.0.1,POST,/api/steadfast/order/bulk/,500
2025-12-29T10:42:10.546889,8af6f467-5d3d-4efa-b578-26d483203d8b,127.0.0.1,POST,/api/steadfast/order/create/,200
2025-12-29T10:42:20.639538,ab5dee05-424b-43ad-a194-19e3f966d70b,127.0.0.1,POST,/api/steadfast/order/create/,400
2025-12-29T10:42:33.997636,6f4d0a5c-2f56-4d71-b84a-6cd7bdccbb0e,127.0.0.1,POST,/api/steadfast/order/bulk/,500
2025-12-31T04:16:01.464223,f5d16dc6-3176-4d33-bc35-a10e05e43230,127.0.0.1,GET,/admin/,200
2025-12-31T04:16:01.743862,eaf561eb-a4a6-4cc8-8fb6-09890dc6d55a,127.0.0.1,GET,/favicon.ico,404
2025-12-31T05:06:59.230339,53f0ebde-bcaa-428e-bb3c-a0a172ee25ef,127.0.0.1,GET,/admin/,200
2025-12-31T07:30:04.173397,dc44715f-a89b-48e4-898e-91ff37f88d27,127.0.0.1,PATCH,/api/user-couriers/1/,401
2025-12-31T07:30:13.851674,c38dcc50-2fc3-4788-acd0-25c026fc6a35,127.0.0.1,POST,/api/auth/login/,200
2025-12-31T07:30:19.449838,0750e4db-0730-4540-9a5f-4c16a7cdac4c,127.0.0.1,POST,/api/steadfast/order/create/,200
2025-12-31T07:30:36.847664,f8aeb543-d620-449e-9cc9-6497e1e8d435,127.0.0.1,PATCH,/api/user-couriers/1/,200
2025-12-31T07:30:51.853315,b7d6332d-21d4-4ec2-9079-c36278779e49,127.0.0.1,GET,/api/couriers-list/,200
2025-12-31T10:17:37.452841,16e0d646-16d5-463e-bcbd-8ea5e21f5b5e,127.0.0.1,GET,/api/sells/,500
2025-12-31T10:18:58.868413,b2dac69d-3c63-448b-bcbd-a18e0fa6dadc,127.0.0.1,GET,/api/sells/,500
2025-12-31T10:20:07.929942,fa5b9925-fd19-480b-a9fa-6fa74a193315,127.0.0.1,GET,/api/sells/,200
2025-12-31T10:40:26.350445,11be5de2-78e8-43e5-a7ae-e306b7d144dd,127.0.0.1,GET,/api/sells/,200
2025-12-31T10:40:51.628531,531d0baf-cdae-46c1-b4ee-78aedb098487,127.0.0.1,GET,/admin/account/sells/,200
2025-12-31T10:40:51.794191,beac84d1-13ee-4482-b4e3-c3786ed5ce8a,127.0.0.1,GET,/admin/jsi18n/,200
2025-12-31T10:40:54.100716,52bd8281-87f0-4213-9040-85568d3a7109,127.0.0.1,GET,/admin/account/sells/,200
2025-12-31T10:40:54.139133,d786f83a-fdea-404c-8b1b-cbabdd70fe4d,127.0.0.1,GET,/admin/jsi18n/,200
2025-12-31T10:41:01.588389,0e833c4d-4fa4-47b4-821b-20d82b61860d,127.0.0.1,GET,/admin/account/sells/1/change/,200
2025-12-31T10:41:01.622562,d7a0ef19-8a73-4ffa-b3f3-0e68ca81bf43,127.0.0.1,GET,/admin/jsi18n/,200
2025-12-31T10:41:22.310257,6e6ee092-8a6e-46a1-9cdf-7f8f462aa5b3,127.0.0.1,POST,/admin/account/sells/1/change/,302
2025-12-31T10:41:22.347830,e4292fad-f3d7-4084-b4f3-ad855521ddb5,127.0.0.1,GET,/admin/account/sells/,200
2025-12-31T10:41:22.381210,5cd83d85-50b1-42ab-bc7a-b331e75c5d1b,127.0.0.1,GET,/admin/jsi18n/,200
2025-12-31T10:43:35.664182,8ee63b4c-c6eb-4f73-bed2-fd0dc3bc5185,127.0.0.1,GET,/admin/account/sells/,200
2025-12-31T10:43:35.696748,e53a0391-a1c2-44ea-8ce2-09d2c8a3d375,127.0.0.1,GET,/admin/jsi18n/,200
2025-12-31T10:43:39.067883,ba9eb030-026e-4633-9f9a-5b08dabc178b,127.0.0.1,GET,/admin/account/sells/1/change/,200
2025-12-31T10:43:39.099401,02242d93-ce7d-412e-b093-93c0242a8544,127.0.0.1,GET,/admin/jsi18n/,200
2025-12-31T10:43:47.641479,a718d7f5-625f-4448-a05c-77b9924b193a,127.0.0.1,GET,/admin/account/sells/,200
2025-12-31T10:44:17.250316,93abe279-5378-455c-a5ff-c7df9dd909b7,127.0.0.1,GET,/admin/account/sells/,200
2025-12-31T10:44:17.286287,6fe57d9c-08b1-45bd-bdc7-34b62bb34081,127.0.0.1,GET,/admin/jsi18n/,200
2025-12-31T10:44:25.201224,0adf1d1d-7229-4d26-a1fb-0b7e24d0e5f1,127.0.0.1,GET,/admin/account/sells/1/change/,200
2025-12-31T10:44:26.399395,f82ead26-f7d0-4374-b0e2-be4b6a7c021a,127.0.0.1,GET,/admin/account/sells/,200
2025-12-31T10:44:31.321743,63936081-797f-4e11-9e54-cc60dd8c9200,127.0.0.1,GET,/admin/account/sells/,200
2025-12-31T10:44:31.527460,6d48c638-b68d-489a-bd22-1a4c43e02231,127.0.0.1,GET,/admin/jsi18n/,200
2025-12-31T10:44:33.301344,94a2b787-e144-410d-b2f4-36e54903bd4a,127.0.0.1,GET,/favicon.ico,404
2025-12-31T10:44:36.766257,77463df3-4240-4466-9319-fb2f4c6a3c4e,127.0.0.1,GET,/admin/account/sells/,200
2025-12-31T10:44:36.796031,9299392e-7a2d-4485-b8e6-66b137500478,127.0.0.1,GET,/admin/jsi18n/,200
2025-12-31T10:44:37.558741,82f57201-4f52-4a94-a79f-0044737f1c8d,127.0.0.1,GET,/admin/account/sells/,200
2025-12-31T10:44:37.588243,b299a2ca-3691-4c81-8724-af410ed43eee,127.0.0.1,GET,/admin/jsi18n/,200
2025-12-31T10:44:40.847796,97ea57ad-ea2b-41e6-a37a-bed1541af2a2,127.0.0.1,GET,/admin/account/sells/1/change/,200
2025-12-31T10:44:40.875826,573e3b87-09e6-41e9-afc1-316bee9c6141,127.0.0.1,GET,/admin/jsi18n/,200
2025-12-31T10:44:42.618405,81f3d1ad-4857-4293-9cc9-f3042409429a,127.0.0.1,GET,/admin/account/sells/,200
2025-12-31T10:45:05.954404,4c67fef3-b491-430d-95b1-87a3a469909b,127.0.0.1,GET,/api/sells/,500
2025-12-31T10:46:06.261190,ac5a34da-acf0-4301-99b0-c320a9e9e6b7,127.0.0.1,GET,/api/sells/,500
2025-12-31T10:46:53.068665,27e2a23e-cc84-4666-8d25-88d6286e5979,127.0.0.1,GET,/api/sells/,200
2025-12-31T10:50:57.505422,7ae464a5-b349-4ff6-84f3-0ffd5f3740d8,127.0.0.1,GET,/api/refund/,200
2025-12-31T10:51:31.422741,62d8e0a9-d80f-4e01-b5ea-44b12d1940f9,127.0.0.1,GET,/admin/account/customerrefund/,200
2025-12-31T10:51:31.459495,3680cda0-9f1c-45e5-9f9d-b0e9ff2f0dcf,127.0.0.1,GET,/admin/jsi18n/,200
2025-12-31T10:51:34.366022,2b81f294-4b78-40c8-b333-c22f67e4a99e,127.0.0.1,GET,/admin/account/customerrefund/1/change/,200
2025-12-31T10:51:34.402407,8d680115-26e2-43ab-9c73-9b41cd671be0,127.0.0.1,GET,/admin/jsi18n/,200
2025-12-31T10:51:48.076673,cabd4d50-87db-4476-9243-4066a4a10188,127.0.0.1,POST,/admin/account/customerrefund/1/change/,302
2025-12-31T10:51:48.115226,f9e1b7fa-f3f2-4b8e-a787-1f1a32bfb0ee,127.0.0.1,GET,/admin/account/customerrefund/,200
2025-12-31T10:51:48.146228,eb79cee0-41c1-47b3-b1a5-f2314adb76dc,127.0.0.1,GET,/admin/jsi18n/,200
2025-12-31T10:51:51.722269,84319128-1871-41c4-89a6-d58c5ddbd7b6,127.0.0.1,GET,/admin/account/customerrefund/,200
2025-12-31T10:51:51.747175,7e449d6c-d637-4198-9036-09af401477a9,127.0.0.1,GET,/admin/jsi18n/,200
2025-12-31T11:00:16.805865,94c6f442-1f78-44ae-806d-7b0805e982a5,127.0.0.1,GET,/api/refund/,200
2025-12-31T11:00:23.162033,b455c54c-e6a2-4861-bb37-196fdf156cdc,127.0.0.1,GET,/api/sells/,200
2025-12-31T11:00:28.533745,896ca24b-17ae-489c-9a11-f7ff8c57c0ce,127.0.0.1,GET,/api/sells/,200
2025-12-31T11:15:38.035268,cbdb82ee-c733-4f73-9c08-1e3145324a89,127.0.0.1,GET,/admin/account/vouchertype/,200
2025-12-31T11:15:38.103980,b47e0c11-3a33-411b-b39b-df094f434e98,127.0.0.1,GET,/admin/jsi18n/,200
2025-12-31T11:15:40.215310,969c0ca0-3d50-4940-9aec-f4666bdda9a5,127.0.0.1,GET,/admin/account/vouchertype/,200
2025-12-31T11:15:40.237489,93120f7d-7123-493f-b84b-b27e4c7fca8e,127.0.0.1,GET,/admin/jsi18n/,200
2025-12-31T11:15:42.015061,3e811273-73a7-415f-ac7a-e09806ddf81b,127.0.0.1,GET,/admin/account/vouchertype/,200
2025-12-31T11:15:42.036097,295e8661-5b30-47aa-a60e-07003e2be24f,127.0.0.1,GET,/admin/jsi18n/,200
2025-12-31T11:15:45.180737,30338a55-3e9f-46d7-a943-dfc23e3507bc,127.0.0.1,GET,/admin/account/vouchertype/1/change/,200
2025-12-31T11:15:45.211488,4517c727-6d2e-44ea-a3f3-6094396c4102,127.0.0.1,GET,/admin/jsi18n/,200
2025-12-31T11:15:49.894385,c3c0bb08-29b6-46ca-a9e1-24b14d23851c,127.0.0.1,GET,/admin/account/vouchertype/,200
2025-12-31T11:34:07.151579,98bc522a-9c16-47c2-88b9-7fde8c312006,127.0.0.1,GET,/api/vouchers/,404
2025-12-31T11:34:32.277776,5beb8aee-db27-4bdb-9ec2-8e5cf417f7ee,127.0.0.1,GET,/api/debit-credit/report/,200
2025-12-31T11:34:42.811604,f9dc8268-d725-44e6-95d4-c0009dbaf762,127.0.0.1,GET,/admin/account/vouchertype/,404
2025-12-31T11:34:44.709504,eb1957de-3a1e-467d-80fe-7096473292c2,127.0.0.1,GET,/admin/account/vouchertype/,404
2025-12-31T11:34:44.792982,83a0eb9c-67da-4378-a862-b10aa3855c36,127.0.0.1,GET,/favicon.ico,404
2025-12-31T11:34:48.399852,4499f076-31bc-4d4a-9ba5-7b5cdc5d8dbf,127.0.0.1,GET,/admin/account/,200
2025-12-31T11:34:53.746933,8001b107-b338-45df-a8ee-37905708c544,127.0.0.1,GET,/admin/account/debitcredit/,200
2025-12-31T11:34:55.498475,021f5460-bb68-449b-ae39-3e349737141c,127.0.0.1,GET,/admin/account/debitcredit/add/,200
2025-12-31T11:34:55.530903,ab299bb0-8c09-4ab2-99a5-ec29cec99452,127.0.0.1,GET,/admin/jsi18n/,200
2025-12-31T11:35:28.439837,a6a085a2-93ed-4b3d-9b03-719352d28c5d,127.0.0.1,POST,/admin/account/debitcredit/add/,302
2025-12-31T11:35:28.473207,21169c23-4506-404a-ae1c-bee8dd53eddc,127.0.0.1,GET,/admin/account/debitcredit/,200
2025-12-31T11:36:01.992621,d060a243-7ab2-4185-ba7f-e09778c19378,127.0.0.1,GET,/admin/account/debitcredit/1/change/,200
2025-12-31T11:36:02.022643,66a25908-7149-4121-823c-cdf5e8455610,127.0.0.1,GET,/admin/jsi18n/,200
2025-12-31T11:36:46.991659,cc00b7ff-531a-435d-aa25-479b7a94784c,127.0.0.1,GET,/admin/account/debitcredit/,200
2025-12-31T11:36:51.466443,a9508b9a-ecbd-4bad-be25-eb085f4f688b,127.0.0.1,GET,/admin/account/debitcredit/,200
2025-12-31T11:36:53.130579,b445b353-ba72-40d5-8488-da7e850670d0,127.0.0.1,GET,/admin/account/debitcredit/,200
2025-12-31T11:41:29.457167,9008ba51-ccef-4532-99a6-f05dc3e51fa8,127.0.0.1,GET,/admin/account/profitlossreport/,200
2025-12-31T11:41:29.493364,45960552-a637-432a-b167-d16be66c7bca,127.0.0.1,GET,/admin/jsi18n/,200
2025-12-31T11:41:32.739758,61a28c2a-5e52-4719-bc76-8b8da46039fe,127.0.0.1,GET,/admin/account/profitlossreport/1/change/,200
2025-12-31T11:41:32.772700,4bfd9efe-7785-4709-b04e-26ec4c99260c,127.0.0.1,GET,/admin/jsi18n/,200
2025-12-31T11:41:46.203602,34b90bea-67be-4b0e-94c1-ea0c47240618,127.0.0.1,POST,/admin/account/profitlossreport/1/change/,302
2025-12-31T11:41:46.236836,18029b56-7f75-4fcc-a696-d91720f338d3,127.0.0.1,GET,/admin/account/profitlossreport/,200
2025-12-31T11:41:46.268092,93da5375-f96d-4355-bdc3-e9afe907199a,127.0.0.1,GET,/admin/jsi18n/,200
2025-12-31T11:42:24.010257,21513b7f-e9fa-46c8-b1c8-fadbd664e059,127.0.0.1,GET,/admin/account/debitcredit/,200
2025-12-31T11:42:33.354850,94c6af43-ab41-44c2-8321-5bc7c71197fa,127.0.0.1,GET,/admin/account/debitcredit/,200
2025-12-31T11:53:42.787511,b9ac937a-f61b-4a49-90b7-cdbeafd0f471,127.0.0.1,GET,/api/debit-credit/report/,200
2025-12-31T11:53:55.989246,fe086fcb-310a-485c-8b80-5ae82029b727,127.0.0.1,GET,/admin/account/debitcredit/,200
2025-12-31T11:54:00.425987,391771fa-2446-44b6-a6f8-185d497c672e,127.0.0.1,GET,/admin/account/debitcredit/1/change/,200
2025-12-31T11:54:00.456784,362b7cb1-65ff-4d05-b748-0074cfcd5ddc,127.0.0.1,GET,/admin/jsi18n/,200
2025-12-31T11:55:15.301761,1d8a0ffd-2cd7-4d20-8782-d97f7dd09e6b,127.0.0.1,GET,/api/debit-credit/report/,200
2025-12-31T11:56:16.051464,b1e2b281-58bd-4aef-bdb9-7bb4160da4a7,127.0.0.1,POST,/admin/account/debitcredit/1/change/,302
2025-12-31T11:56:16.110718,b8760ce2-d568-480b-a71f-344ec5d887ff,127.0.0.1,GET,/admin/account/debitcredit/,200
2025-12-31T11:56:33.632074,a1f7dfef-57fd-4688-a8f0-fbf5927d00db,127.0.0.1,GET,/admin/account/debitcredit/1/change/,200
2025-12-31T11:56:33.666457,b9479584-9b8a-40c4-a089-85bd1f880826,127.0.0.1,GET,/admin/jsi18n/,200
2025-12-31T11:56:49.745213,db3db86c-2d0c-456e-a9e0-2d29884d515c,127.0.0.1,POST,/admin/account/debitcredit/1/change/,302
2025-12-31T11:56:49.778702,0875d87d-5a82-49f8-8be3-7d30dd11e374,127.0.0.1,GET,/admin/account/debitcredit/,200
2025-12-31T12:04:15.385781,94f09af8-d612-46c4-8632-021b26363be3,127.0.0.1,GET,/admin/account/debitcredit/,200
2025-12-31T12:08:05.847873,b772b97a-21dc-4322-ab9e-a16da07e3129,127.0.0.1,GET,/api/debit-credit/report/,200
2025-12-31T12:08:23.289654,15c68793-9fb0-4578-8f8f-d0a3c0df145b,127.0.0.1,GET,/admin/account/debitcredit/,200
2025-12-31T12:17:17.504883,19466156-ffcf-407f-86f0-602ceb19f7bd,127.0.0.1,GET,/api/debit-credit/report/,200
2025-12-31T12:17:23.768798,c66919c8-2fd9-4e2e-97ef-3584a696fec7,127.0.0.1,GET,/admin/account/debitcredit/,200
2025-12-31T12:17:27.182259,8cd7d5a4-a4ce-46d3-b71d-49dc93695350,127.0.0.1,GET,/admin/account/debitcredit/1/change/,200
2025-12-31T12:17:27.218662,30454b5f-8afd-48d9-9776-8d3dfee65663,127.0.0.1,GET,/admin/jsi18n/,200
2025-12-31T12:17:39.061857,8a43d502-ccaa-4ed1-8c24-1c826847f0bc,127.0.0.1,POST,/admin/account/debitcredit/1/change/,500
2025-12-31T12:17:46.746659,8b561e46-b7fc-437f-8b43-f306d16efb93,127.0.0.1,GET,/admin/account/,200
2025-12-31T12:17:51.172007,3c281824-ac6b-4360-ac2c-4203767f13d8,127.0.0.1,GET,/admin/account/debitcredit/,200
2025-12-31T12:17:56.953813,29aad694-da3b-48db-ae35-961122687e89,127.0.0.1,GET,/admin/account/debitcredit/1/change/,200
2025-12-31T12:17:56.984225,cd3c861f-ce74-44da-b280-d743147707cb,127.0.0.1,GET,/admin/jsi18n/,200
2025-12-31T12:18:26.411502,3cf12222-706b-4adf-be93-1d994e88ce4d,127.0.0.1,POST,/admin/account/debitcredit/1/change/,200
2025-12-31T12:18:26.438302,ac509950-f30c-4c2f-aa3f-fd5afe97f61d,127.0.0.1,GET,/admin/jsi18n/,200
2025-12-31T12:18:32.229942,971bdbd4-bc42-4e7a-8fb5-3f79569c4494,127.0.0.1,POST,/admin/account/debitcredit/1/change/,500
2025-12-31T12:18:35.780202,02d79cf7-e377-4233-8534-d5ccd12d55d8,127.0.0.1,GET,/admin/account/debitcredit/1/change/,200
2025-12-31T12:18:37.846049,db4be0e6-add7-4b78-b7a8-ed9bbda62497,127.0.0.1,POST,/admin/account/debitcredit/1/change/,200
2025-12-31T12:18:37.874381,6cca8318-f9bb-4f03-9446-3f5ac45ccb65,127.0.0.1,GET,/admin/jsi18n/,200
2025-12-31T12:18:39.831090,f033a377-6523-43a8-a71b-ae34a66799ff,127.0.0.1,GET,/admin/account/debitcredit/1/change/,200
2025-12-31T12:18:40.672375,a773638a-e53a-4f2b-8f57-19e62c47e6be,127.0.0.1,GET,/admin/account/debitcredit/,200
2025-12-31T12:18:42.243481,9957623d-003f-412e-a4fa-0fa86d411a31,127.0.0.1,GET,/admin/account/debitcredit/add/,200
2025-12-31T12:18:42.273121,2fcec84f-92f6-48d7-9a8f-3620192cfce1,127.0.0.1,GET,/admin/jsi18n/,200
2025-12-31T12:19:15.587260,4e29b3f8-df1d-49a3-9393-01fc4d7ada76,127.0.0.1,POST,/admin/account/debitcredit/add/,500
2025-12-31T12:25:02.108525,0818ebe5-db9e-4206-a1ea-0915edcb2654,127.0.0.1,GET,/api/debit-credit/report/,200
2025-12-31T12:25:11.784275,4be55cb2-d1ff-483e-b242-31a1ec834234,127.0.0.1,POST,/admin/account/debitcredit/add/,200
2025-12-31T12:25:11.816234,d14cbf14-d913-4b65-be78-945bc7e2f260,127.0.0.1,GET,/admin/jsi18n/,200
2025-12-31T12:26:42.378904,96094e46-076a-4c29-8e5b-e1bc6dc835b3,127.0.0.1,POST,/admin/account/debitcredit/add/,302
2025-12-31T12:26:42.468422,2b71a549-f473-4f40-89c9-698133903128,127.0.0.1,GET,/admin/account/debitcredit/,200
2025-12-31T12:26:42.506561,fcb3b266-750b-48b7-a852-f131d2c54570,127.0.0.1,GET,/admin/jsi18n/,200
2025-12-31T12:27:33.126460,a42ed43e-7071-4185-8410-c07da826e502,127.0.0.1,GET,/admin/account/debitcredit/,200
2025-12-31T12:27:33.161988,0245e989-150b-4e02-bd55-cac61fd73378,127.0.0.1,GET,/admin/jsi18n/,200
2025-12-31T12:27:35.835924,d8624e16-25e4-4b25-9821-390d508cdf3f,127.0.0.1,GET,/admin/account/debitcredit/,200
2025-12-31T12:27:35.862506,15e3e356-2e43-46dd-a0e2-70c2dfeb1d24,127.0.0.1,GET,/admin/jsi18n/,200
2025-12-31T12:27:36.978102,3281d7fa-7dcb-4dc1-94b5-c3d5e50e9291,127.0.0.1,GET,/admin/account/debitcredit/,200
2025-12-31T12:27:37.003239,5f1ef639-45bc-42de-acc2-9600ed43ac64,127.0.0.1,GET,/admin/jsi18n/,200
2025-12-31T12:27:37.965781,d4f02b7b-ddc5-4309-a19d-39442672c2e9,127.0.0.1,GET,/admin/account/debitcredit/,200
2025-12-31T12:27:37.987703,fb3a50b3-86a4-4dbd-b9bf-3b8da692763f,127.0.0.1,GET,/admin/jsi18n/,200
2025-12-31T12:27:38.343419,eb6f5a0a-a3a8-41b2-be81-d84853eeec54,127.0.0.1,GET,/admin/account/debitcredit/,200
2025-12-31T12:27:38.368648,a737b19c-aa8b-4143-b5c0-8dc6b50efda7,127.0.0.1,GET,/admin/jsi18n/,200
2025-12-31T12:27:38.578521,20812551-41ce-4413-9dc2-2cf7722abf6e,127.0.0.1,GET,/admin/account/debitcredit/,200
2025-12-31T12:27:38.603231,20cd7dcb-b0c2-4095-9ace-ff6da1e0e1da,127.0.0.1,GET,/admin/jsi18n/,200
2025-12-31T12:27:40.374643,80da6c52-1c2e-4a8e-ac2c-3481282caa9f,127.0.0.1,GET,/admin/account/debitcredit/1/change/,200
2025-12-31T12:27:40.405226,332c3fc7-e28d-4a09-a662-6059a9a2af3b,127.0.0.1,GET,/admin/jsi18n/,200
2025-12-31T12:27:46.010983,92ba3627-bef7-4912-94e2-e19e64f68c50,127.0.0.1,POST,/admin/account/debitcredit/1/change/,302
2025-12-31T12:27:46.048846,53f1da52-6079-4333-90b8-f1cfdaff189f,127.0.0.1,GET,/admin/account/debitcredit/,200
2025-12-31T12:27:46.084563,cb1ad0f5-072e-4837-afd8-5ddba08e1f60,127.0.0.1,GET,/admin/jsi18n/,200
2025-12-31T12:27:49.450892,55f2832b-d8f8-4eb6-aaad-dddd24dd5322,127.0.0.1,GET,/admin/account/debitcredit/,200
2025-12-31T12:27:49.528611,4125277d-8636-4996-a78f-ea1336c50d02,127.0.0.1,GET,/admin/jsi18n/,200
2025-12-31T12:27:50.185836,267ddc2c-a289-42fa-98d6-5ae7e76bbbbb,127.0.0.1,GET,/favicon.ico,404
2025-12-31T12:28:42.341433,ae6426a3-233b-4d98-9803-057f48e2aced,127.0.0.1,GET,/admin/account/debitcredit/,200
2025-12-31T12:28:42.385748,5018072a-4bcf-4512-b38e-430c1500d1d4,127.0.0.1,GET,/admin/jsi18n/,200
2025-12-31T12:28:42.593681,13727f18-d44a-45e5-950b-332e3b0a1314,127.0.0.1,GET,/favicon.ico,404
2025-12-31T12:28:58.070232,1db1ead8-37ff-44c2-b441-87fa6f3ef45b,127.0.0.1,GET,/admin/account/debitcredit/2/change/,200
2025-12-31T12:28:58.104214,fd98e0e5-705a-454c-8c71-1063e7ec9c2e,127.0.0.1,GET,/admin/jsi18n/,200
2025-12-31T12:30:41.799997,dd6b9e85-596a-4ba6-8ada-fac29f922148,127.0.0.1,POST,/admin/account/debitcredit/2/change/,302
2025-12-31T12:30:41.839738,b726ed86-28db-4b1c-920a-a838ff69e8e2,127.0.0.1,GET,/admin/account/debitcredit/,200
2025-12-31T12:30:41.893597,9c5fca10-2b2f-4381-8e1c-e1fdb1abd12b,127.0.0.1,GET,/admin/jsi18n/,200
2025-12-31T12:40:33.990227,9a84c85c-7752-431e-9404-669aff47a211,127.0.0.1,GET,/admin/user/user/,200
2025-12-31T12:40:34.027350,6fa887ff-1a51-48eb-b49f-eaa58750dd06,127.0.0.1,GET,/admin/jsi18n/,200
2025-12-31T12:40:49.149068,93393c84-ef5b-461a-978f-2ee4990371e5,127.0.0.1,GET,/admin/account/debitcredit/,200
2025-12-31T12:41:27.241844,976fc45a-ba1c-485d-9b64-4ee617414534,127.0.0.1,GET,/admin/account/product/,200
2025-12-31T12:41:27.274759,7a6d5ae9-81bd-4fda-b0d6-13422217cf94,127.0.0.1,GET,/admin/jsi18n/,200
2025-12-31T12:41:28.775241,1514d14e-3a14-4185-92f8-550b86833c51,127.0.0.1,GET,/admin/account/profitlossreport/,200
2025-12-31T12:41:28.814048,b227a300-5877-46b7-a793-7897b024e84e,127.0.0.1,GET,/admin/jsi18n/,200
2026-01-01T04:57:58.513856,16115805-e39a-406d-8279-e6c171cafe4b,127.0.0.1,GET,/admin/,200
2026-01-01T04:57:58.782867,e9f4795d-df84-4180-9689-60669f7768b7,127.0.0.1,GET,/favicon.ico,404
2026-01-01T05:21:19.380841,e1d0de00-6d68-4593-a979-10dc1af4d336,127.0.0.1,GET,/admin/account/profitlossreport/,200
2026-01-01T05:21:19.457856,ac9097fe-0920-4b7c-b230-4b7683ae02a0,127.0.0.1,GET,/admin/jsi18n/,200
2026-01-01T05:21:23.651865,fc9992c5-9530-4186-a867-1edc9640e471,127.0.0.1,GET,/admin/account/profitlossreport/1/change/,200
2026-01-01T05:21:23.681254,68679075-bc8f-43d7-ad66-0e39ee252ce8,127.0.0.1,GET,/admin/jsi18n/,200
2026-01-01T05:26:49.240150,629f5ffe-cb9f-49a9-9666-62860355df0b,127.0.0.1,GET,/admin/account/profitlossreport/1/change/,200
2026-01-01T05:26:49.279147,a8f93db0-8b78-4ab2-96c2-1f9eedde0242,127.0.0.1,GET,/admin/jsi18n/,200
2026-01-01T05:26:50.172377,b15245d6-1477-4fb0-b16b-cddf1a7d6e34,127.0.0.1,GET,/favicon.ico,404
2026-01-01T05:26:57.872640,e0ab2f18-f507-4ba2-8e75-a5aeed17e6d2,127.0.0.1,GET,/admin/account/profitlossreport/,200
2026-01-01T05:27:00.390328,62562226-862f-4b78-8062-23f947a125b0,127.0.0.1,GET,/admin/account/profitlossreport/,200
2026-01-01T05:27:00.424003,dc0e0ea1-b3e9-44e5-a5e8-7c626ce6afd9,127.0.0.1,GET,/admin/jsi18n/,200
2026-01-01T05:27:00.568989,cce88e54-e680-4334-b427-f6c346544f51,127.0.0.1,GET,/favicon.ico,404
2026-01-01T05:31:48.329615,6a8e0bd4-373e-465e-9239-37baff68da34,127.0.0.1,GET,/admin/account/profitlossreport/,200
2026-01-01T05:31:48.351371,f4e51b41-7157-4eff-8ea6-4227b39e5d6f,127.0.0.1,GET,/admin/jsi18n/,200
2026-01-01T05:31:51.112310,64ae2fdc-82b7-4615-9062-b5e09073bb66,127.0.0.1,GET,/admin/account/profitlossreport/,200
2026-01-01T05:31:51.133943,b64731d6-6972-4fda-a015-89ed9dd7bbf7,127.0.0.1,GET,/admin/jsi18n/,200
2026-01-01T05:33:54.327123,e6a0b94e-7bcc-4ebe-a333-7d38e1c41551,127.0.0.1,GET,/admin/account/profitlossreport/,200
2026-01-01T05:33:54.346299,6262343a-92f2-453d-926b-ba0c5374f522,127.0.0.1,GET,/admin/jsi18n/,200
2026-01-01T05:44:24.436377,5c5e09c9-1b83-4825-b3f6-0e7eaf7d6f1f,127.0.0.1,GET,/admin/account/profitlossreport/,200
2026-01-01T05:44:24.462987,c326d3ff-2d29-4e64-83b8-2a11d455d8d4,127.0.0.1,GET,/admin/jsi18n/,200
2026-01-01T05:45:04.887530,86c08d9a-5d81-40c9-b9ec-5db59bde1c9e,127.0.0.1,GET,/admin/account/profitlossreport/,200
2026-01-01T05:45:04.916479,b88a25d0-ce81-4aa9-ad83-9fe3f0f7f95b,127.0.0.1,GET,/admin/jsi18n/,200
2026-01-01T05:45:11.003238,b31def79-6194-4a55-9c47-77277def3354,127.0.0.1,GET,/admin/account/profitlossreport/,200
2026-01-01T05:45:11.033334,8c287de8-0457-4901-a8a8-875d112b160d,127.0.0.1,GET,/admin/jsi18n/,200
2026-01-01T05:45:12.333169,291c7a6b-a14d-47ba-be19-63363fc9e875,127.0.0.1,GET,/favicon.ico,404
2026-01-01T05:45:13.833799,2a638667-6953-4d04-be5d-86c8834c3017,127.0.0.1,GET,/admin/account/profitlossreport/,200
2026-01-01T05:45:13.856204,40380cce-dccf-4226-b713-378f0eb60f2b,127.0.0.1,GET,/admin/jsi18n/,200
2026-01-01T05:45:21.743420,f0f12d4c-a0cc-435b-a8ec-ab0b4f72040d,127.0.0.1,GET,/admin/,200
2026-01-01T05:45:23.006518,45221888-238d-449f-bce5-86f2306e8237,127.0.0.1,GET,/admin/account/profitlossreport/,200
2026-01-01T05:46:22.479055,e9621eb3-e31c-457f-be7c-5c5e6be35592,127.0.0.1,GET,/admin/account/profitlossreport/,200
2026-01-01T05:46:22.509233,ee9e0e2e-1bc9-445a-bd22-66171fc86f17,127.0.0.1,GET,/admin/jsi18n/,200
2026-01-01T05:46:22.682227,ab1dd783-db03-471d-80e9-c23dc6444d93,127.0.0.1,GET,/favicon.ico,404
2026-01-01T05:47:56.040133,fc687fed-9dd7-496b-a447-dc2be4ec3185,127.0.0.1,GET,/api/debit-credit/report/,200
2026-01-01T05:48:09.655436,12a14606-48ae-468c-ad2c-4fbb9965ee5f,127.0.0.1,GET,/api/profit-loss/,500
2026-01-01T05:48:16.319523,1d928065-e1f1-4db9-9a00-3c7e91e13b00,127.0.0.1,POST,/api/auth/login/,200
2026-01-01T05:48:22.306686,53b38f7c-375c-4f6a-8bf2-cc71e9e37ee0,127.0.0.1,GET,/api/profit-loss/,500
